{
    "root_group": {
        "groups": {},
        "checks": {
                "status is 200": {
                    "passes": 166,
                    "fails": 3012,
                    "name": "status is 200",
                    "path": "::status is 200",
                    "id": "6210a8cd14cd70477eba5c5e4cb3fb5f"
                }
            },
        "name": "",
        "path": "",
        "id": "d41d8cd98f00b204e9800998ecf8427e"
    },
    "metrics": {
        "availability_rate": {
            "passes": 166,
            "fails": 3012,
            "thresholds": {
                "rate>0.70": true
            },
            "value": 0.05223410950283197
        },
        "checks": {
            "passes": 166,
            "fails": 3012,
            "value": 0.05223410950283197
        },
        "vus": {
            "value": 1,
            "min": 1,
            "max": 20
        },
        "http_req_connecting": {
            "min": 0,
            "med": 0.404,
            "max": 4.936,
            "p(90)": 0.458,
            "p(95)": 0.483,
            "avg": 0.37209282567652735
        },
        "http_req_receiving": {
            "med": 0.091,
            "max": 1.791,
            "p(90)": 0.113,
            "p(95)": 0.123,
            "avg": 0.09154373820012628,
            "min": 0
        },
        "http_req_duration": {
            "p(90)": 13.204400000000001,
            "p(95)": 10006.56005,
            "avg": 535.2263816865938,
            "min": 1.185,
            "med": 6.836,
            "max": 20001.12
        },
        "iteration_duration": {
            "avg": 1536.7912541774683,
            "min": 1001.530625,
            "med": 1008.419396,
            "max": 21003.997958,
            "p(90)": 1014.8142919,
            "p(95)": 11007.9200688
        },
        "http_req_sending": {
            "avg": 0.06538451856513537,
            "min": 0.01,
            "med": 0.061,
            "max": 3.352,
            "p(90)": 0.079,
            "p(95)": 0.08814999999999985
        },
        "http_req_waiting": {
            "avg": 535.0694534298311,
            "min": 1.108,
            "med": 6.6575,
            "max": 20001.043,
            "p(90)": 13.016,
            "p(95)": 10006.4012
        },
        "data_sent": {
            "count": 603820,
            "rate": 2004.5462186669977
        },
        "http_req_duration{expected_response:true}": {
            "avg": 862.6929819277109,
            "min": 5.409,
            "med": 15.634,
            "max": 10125.479,
            "p(90)": 108.37300000000008,
            "p(95)": 10017.72725
        },
        "http_req_failed": {
            "passes": 3012,
            "fails": 166,
            "value": 0.9477658904971681
        },
        "data_received": {
            "count": 666383,
            "rate": 2212.2412686462353
        },
        "http_req_tls_handshaking": {
            "avg": 0,
            "min": 0,
            "med": 0,
            "max": 0,
            "p(90)": 0,
            "p(95)": 0
        },
        "iterations": {
            "count": 3178,
            "rate": 10.550243256142092
        },
        "http_reqs": {
            "count": 3178,
            "rate": 10.550243256142092
        },
        "http_req_blocked": {
            "avg": 0.4715475141598482,
            "min": 0.004,
            "med": 0.515,
            "max": 5.01,
            "p(90)": 0.5723,
            "p(95)": 0.589
        },
        "vus_max": {
            "value": 20,
            "min": 20,
            "max": 20
        }
    }
}