{
    "metrics": {
        "http_reqs": {
            "count": 3045,
            "rate": 9.942544727810889
        },
        "data_sent": {
            "count": 578550,
            "rate": 1889.0834982840688
        },
        "vus": {
            "min": 1,
            "max": 20,
            "value": 1
        },
        "availability_rate": {
            "passes": 269,
            "fails": 2776,
            "thresholds": {
                "rate>0.70": true
            },
            "value": 0.0883415435139573
        },
        "http_req_receiving": {
            "avg": 0.08763711001642048,
            "min": 0,
            "med": 0.089,
            "max": 1.139,
            "p(90)": 0.11,
            "p(95)": 0.119
        },
        "http_req_duration{expected_response:true}": {
            "avg": 724.8053605947952,
            "min": 6.73,
            "med": 15.416,
            "max": 10024.709,
            "p(90)": 88.13140000000003,
            "p(95)": 10017.9836
        },
        "http_req_tls_handshaking": {
            "p(90)": 0,
            "p(95)": 0,
            "avg": 0,
            "min": 0,
            "med": 0,
            "max": 0
        },
        "http_req_waiting": {
            "avg": 604.4308151067343,
            "min": 0.897,
            "med": 6.848,
            "max": 20000.557,
            "p(90)": 15.2462,
            "p(95)": 10008.9742
        },
        "iterations": {
            "count": 3045,
            "rate": 9.942544727810889
        },
        "http_req_blocked": {
            "p(95)": 0.6,
            "avg": 0.4589540229885063,
            "min": 0.004,
            "med": 0.52,
            "max": 4.333,
            "p(90)": 0.575
        },
        "iteration_duration": {
            "avg": 1606.093691197706,
            "min": 1001.171083,
            "med": 1008.565042,
            "max": 21003.173833,
            "p(90)": 1016.646975,
            "p(95)": 11010.7350162
        },
        "http_req_connecting": {
            "p(95)": 0.491,
            "avg": 0.3663366174055829,
            "min": 0,
            "med": 0.411,
            "max": 4.104,
            "p(90)": 0.469
        },
        "checks": {
            "passes": 269,
            "fails": 2776,
            "value": 0.0883415435139573
        },
        "http_req_duration": {
            "med": 6.996,
            "max": 20000.655,
            "p(90)": 15.382600000000002,
            "p(95)": 10009.119200000001,
            "avg": 604.5817415435143,
            "min": 0.937
        },
        "http_req_sending": {
            "min": 0.014,
            "med": 0.061,
            "max": 1.719,
            "p(90)": 0.078,
            "p(95)": 0.086,
            "avg": 0.06328932676518875
        },
        "http_req_failed": {
            "passes": 2776,
            "fails": 269,
            "value": 0.9116584564860427
        },
        "vus_max": {
            "value": 20,
            "min": 20,
            "max": 20
        },
        "data_received": {
            "count": 638720,
            "rate": 2085.5507942684303
        }
    },
    "root_group": {
        "id": "d41d8cd98f00b204e9800998ecf8427e",
        "groups": {},
        "checks": {
                "status is 200": {
                    "path": "::status is 200",
                    "id": "6210a8cd14cd70477eba5c5e4cb3fb5f",
                    "passes": 269,
                    "fails": 2776,
                    "name": "status is 200"
                }
            },
        "name": "",
        "path": ""
    }
}