{
    "metrics": {
        "http_req_receiving": {
            "p(90)": 0.112,
            "p(95)": 0.121,
            "avg": 0.08375974421437286,
            "min": 0,
            "med": 0.085,
            "max": 1.096
        },
        "checks": {
            "passes": 285,
            "fails": 2999,
            "value": 0.08678440925700365
        },
        "iteration_duration": {
            "max": 21002.955,
            "p(90)": 1020.7849917,
            "p(95)": 1046.0981937499992,
            "avg": 1488.1193633660191,
            "min": 1002.396584,
            "med": 1010.828354
        },
        "http_reqs": {
            "count": 3284,
            "rate": 10.917457337085017
        },
        "http_req_waiting": {
            "med": 9.212499999999999,
            "max": 20000.704,
            "p(90)": 19.2466,
            "p(95)": 44.45804999999916,
            "avg": 486.56574817296,
            "min": 1.421
        },
        "http_req_connecting": {
            "p(95)": 0.485,
            "avg": 0.3322305115712547,
            "min": 0,
            "med": 0.364,
            "max": 2.584,
            "p(90)": 0.458
        },
        "http_req_duration{expected_response:true}": {
            "avg": 1002.9018947368419,
            "min": 7.819,
            "med": 18.056,
            "max": 10112.364,
            "p(90)": 126.72420000000007,
            "p(95)": 10021.7418
        },
        "availability_rate": {
            "passes": 285,
            "fails": 2999,
            "thresholds": {
                "rate>0.70": true
            },
            "value": 0.08678440925700365
        },
        "http_req_sending": {
            "min": 0.011,
            "med": 0.057,
            "max": 1.441,
            "p(90)": 0.078,
            "p(95)": 0.088,
            "avg": 0.05980267965895267
        },
        "data_sent": {
            "count": 623960,
            "rate": 2074.3168940461533
        },
        "http_req_failed": {
            "fails": 285,
            "passes": 2999,
            "value": 0.9132155907429963
        },
        "vus": {
            "value": 1,
            "min": 1,
            "max": 20
        },
        "vus_max": {
            "value": 20,
            "min": 20,
            "max": 20
        },
        "http_req_tls_handshaking": {
            "med": 0,
            "max": 0,
            "p(90)": 0,
            "p(95)": 0,
            "avg": 0,
            "min": 0
        },
        "http_req_duration": {
            "avg": 486.70931059683136,
            "min": 1.618,
            "med": 9.3385,
            "max": 20000.743,
            "p(90)": 19.459400000000006,
            "p(95)": 44.67044999999916
        },
        "http_req_blocked": {
            "p(95)": 0.595,
            "avg": 0.4233477466504258,
            "min": 0.003,
            "med": 0.459,
            "max": 7.649,
            "p(90)": 0.572
        },
        "data_received": {
            "rate": 2272.0511951888084,
            "count": 683439
        },
        "iterations": {
            "count": 3284,
            "rate": 10.917457337085017
        }
    },
    "root_group": {
        "path": "",
        "id": "d41d8cd98f00b204e9800998ecf8427e",
        "groups": {},
        "checks": {
                "status is 200": {
                    "name": "status is 200",
                    "path": "::status is 200",
                    "id": "6210a8cd14cd70477eba5c5e4cb3fb5f",
                    "passes": 285,
                    "fails": 2999
                }
            },
        "name": ""
    }
}