{
    "root_group": {
        "groups": {},
        "checks": {
                "status is 200": {
                    "passes": 376,
                    "fails": 2698,
                    "name": "status is 200",
                    "path": "::status is 200",
                    "id": "6210a8cd14cd70477eba5c5e4cb3fb5f"
                }
            },
        "name": "",
        "path": "",
        "id": "d41d8cd98f00b204e9800998ecf8427e"
    },
    "metrics": {
        "http_reqs": {
            "count": 3074,
            "rate": 9.255969463466739
        },
        "http_req_duration{expected_response:true}": {
            "med": 14.1385,
            "max": 10141.867,
            "p(90)": 198.8545000000011,
            "p(95)": 10015.3655,
            "avg": 1001.055031914894,
            "min": 5.259
        },
        "data_sent": {
            "count": 584060,
            "rate": 1758.6341980586803
        },
        "iterations": {
            "count": 3074,
            "rate": 9.255969463466739
        },
        "vus_max": {
            "value": 20,
            "min": 20,
            "max": 20
        },
        "vus": {
            "value": 1,
            "min": 1,
            "max": 20
        },
        "iteration_duration": {
            "min": 1001.418125,
            "med": 1008.8320835,
            "max": 21004.694708,
            "p(90)": 1016.7401501,
            "p(95)": 11010.298356450001,
            "avg": 1587.3483273568656
        },
        "http_req_duration": {
            "avg": 668.0659996746909,
            "min": 1.084,
            "med": 7.254,
            "max": 41719.944,
            "p(90)": 15.2775,
            "p(95)": 10008.84955
        },
        "http_req_waiting": {
            "p(95)": 10008.700649999999,
            "avg": 667.9198975276505,
            "min": 1.036,
            "med": 7.1165,
            "max": 41714.252,
            "p(90)": 15.123800000000001
        },
        "http_req_failed": {
            "passes": 2698,
            "fails": 376,
            "value": 0.8776837996096292
        },
        "data_received": {
            "count": 643355,
            "rate": 1937.1744418245426
        },
        "http_req_tls_handshaking": {
            "p(90)": 0,
            "p(95)": 0,
            "avg": 0,
            "min": 0,
            "med": 0,
            "max": 0
        },
        "checks": {
            "passes": 376,
            "fails": 2698,
            "value": 0.12231620039037085
        },
        "http_req_sending": {
            "avg": 0.05928236824983737,
            "min": 0.008,
            "med": 0.057,
            "max": 2.585,
            "p(90)": 0.08,
            "p(95)": 0.08934999999999986
        },
        "http_req_connecting": {
            "med": 0.366,
            "max": 44.92,
            "p(90)": 0.465,
            "p(95)": 0.498,
            "avg": 0.3460045543266098,
            "min": 0
        },
        "http_req_receiving": {
            "avg": 0.0868197787898505,
            "min": 0,
            "med": 0.086,
            "max": 5.618,
            "p(90)": 0.113,
            "p(95)": 0.126
        },
        "availability_rate": {
            "passes": 376,
            "fails": 2698,
            "thresholds": {
                "rate>0.70": true
            },
            "value": 0.12231620039037085
        },
        "http_req_blocked": {
            "p(90)": 0.5757,
            "p(95)": 0.6113499999999998,
            "avg": 0.4333767078724787,
            "min": 0.002,
            "med": 0.464,
            "max": 44.958
        }
    }
}