{
    "root_group": {
        "name": "",
        "path": "",
        "id": "d41d8cd98f00b204e9800998ecf8427e",
        "groups": {},
        "checks": {
                "status is 200": {
                    "name": "status is 200",
                    "path": "::status is 200",
                    "id": "6210a8cd14cd70477eba5c5e4cb3fb5f",
                    "passes": 209,
                    "fails": 2905
                }
            }
    },
    "metrics": {
        "http_req_tls_handshaking": {
            "avg": 0,
            "min": 0,
            "med": 0,
            "max": 0,
            "p(90)": 0,
            "p(95)": 0
        },
        "http_req_receiving": {
            "avg": 0.09049518304431609,
            "min": 0,
            "med": 0.09,
            "max": 1.135,
            "p(90)": 0.113,
            "p(95)": 0.128
        },
        "http_reqs": {
            "count": 3114,
            "rate": 10.239307713894922
        },
        "http_req_duration": {
            "avg": 566.0162052023118,
            "min": 1.155,
            "med": 7.0415,
            "max": 20001.797,
            "p(90)": 14.323600000000003,
            "p(95)": 10008.2757
        },
        "http_req_failed": {
            "passes": 2905,
            "fails": 209,
            "value": 0.9328837508028259
        },
        "data_received": {
            "count": 654695,
            "rate": 2152.7371752564018
        },
        "vus_max": {
            "value": 20,
            "min": 20,
            "max": 20
        },
        "http_req_connecting": {
            "min": 0,
            "med": 0.412,
            "max": 3.153,
            "p(90)": 0.472,
            "p(95)": 0.495,
            "avg": 0.37657385998715387
        },
        "http_req_sending": {
            "avg": 0.06512780989081574,
            "min": 0.014,
            "med": 0.062,
            "max": 1.501,
            "p(90)": 0.08,
            "p(95)": 0.089
        },
        "iterations": {
            "count": 3114,
            "rate": 10.239307713894922
        },
        "checks": {
            "passes": 209,
            "fails": 2905,
            "value": 0.06711624919717406
        },
        "vus": {
            "value": 2,
            "min": 1,
            "max": 20
        },
        "data_sent": {
            "count": 591660,
            "rate": 1945.468465640035
        },
        "iteration_duration": {
            "avg": 1567.5341751149697,
            "min": 1001.479458,
            "med": 1008.605,
            "max": 21003.335334,
            "p(90)": 1015.6482249,
            "p(95)": 11009.75485615
        },
        "http_req_waiting": {
            "min": 1.104,
            "med": 6.8975,
            "max": 20001.756,
            "p(90)": 14.1471,
            "p(95)": 10008.11955,
            "avg": 565.8605822093778
        },
        "http_req_duration{expected_response:true}": {
            "p(90)": 10015.189,
            "p(95)": 10019.052599999999,
            "avg": 1120.2987990430622,
            "min": 7.709,
            "med": 15.134,
            "max": 10025.433
        },
        "http_req_blocked": {
            "min": 0.003,
            "med": 0.523,
            "max": 3.948,
            "p(90)": 0.58,
            "p(95)": 0.6083499999999998,
            "avg": 0.4760420680796379
        },
        "availability_rate": {
            "fails": 2905,
            "passes": 209,
            "thresholds": {
                "rate>0.70": true
            },
            "value": 0.06711624919717406
        }
    }
}