{
    "metrics": {
        "http_req_duration": {
            "max": 20000.389,
            "p(90)": 14.109,
            "p(95)": 19.681399999999993,
            "avg": 350.91020862908863,
            "min": 0.842,
            "med": 7.418
        },
        "http_req_tls_handshaking": {
            "max": 0,
            "p(90)": 0,
            "p(95)": 0,
            "avg": 0,
            "min": 0,
            "med": 0
        },
        "http_req_failed": {
            "passes": 6811,
            "fails": 374,
            "value": 0.9479471120389701
        },
        "data_received": {
            "count": 1478883,
            "rate": 4779.633867821951
        },
        "http_req_duration{stage:load}": {
            "min": 0.842,
            "med": 7.3335,
            "max": 20000.071,
            "p(90)": 13.893200000000002,
            "p(95)": 19.2544,
            "avg": 337.36656061946934,
            "thresholds": {
                "p(95)<6000": false
            }
        },
        "http_req_duration{stage:warm_up}": {
            "max": 20000.389,
            "p(90)": 18.094000000000005,
            "p(95)": 10011.8935,
            "avg": 673.7253979591836,
            "min": 1.501,
            "med": 9.198,
            "thresholds": {
                "p(95)<1000": true
            }
        },
        "duracao_req": {
            "p(95)": 19.529199999999992,
            "avg": 350.8019503131518,
            "min": 0.78,
            "med": 7.307,
            "max": 20000.346,
            "p(90)": 13.979400000000002
        },
        "http_req_duration{expected_response:true}": {
            "avg": 874.5912433155079,
            "min": 5.073,
            "med": 14.0055,
            "max": 10098.546,
            "p(90)": 107.85240000000002,
            "p(95)": 10017.51745
        },
        "vus_max": {
            "min": 55,
            "max": 55,
            "value": 55
        },
        "http_req_duration{stage:cool_down}": {
            "avg": 487.532966507177,
            "min": 1.262,
            "med": 8.687,
            "max": 19999.252,
            "p(90)": 15.150600000000003,
            "p(95)": 19.03179999999998,
            "thresholds": {
                "p(95)<1000": false
            }
        },
        "http_req_blocked": {
            "avg": 0.33332526096033416,
            "min": 0.002,
            "med": 0.305,
            "max": 6.335,
            "p(90)": 0.55,
            "p(95)": 0.6
        },
        "data_sent": {
            "count": 1393890,
            "rate": 4504.943157787559
        },
        "http_req_sending": {
            "p(90)": 0.066,
            "p(95)": 0.076,
            "avg": 0.0426115518441195,
            "min": 0.005,
            "med": 0.036,
            "max": 1.183
        },
        "taxa_sucesso{stage:warm_up}": {
            "passes": 45,
            "fails": 151,
            "thresholds": {
                "rate>0.99": true
            },
            "value": 0.22959183673469388
        },
        "checks": {
            "passes": 374,
            "fails": 6811,
            "value": 0.05205288796102992
        },
        "taxa_sucesso{stage:load}": {
            "passes": 282,
            "fails": 6498,
            "thresholds": {
                "rate>0.80": true
            },
            "value": 0.0415929203539823
        },
        "taxa_sucesso{stage:cool_down}": {
            "passes": 47,
            "fails": 162,
            "thresholds": {
                "rate>0.99": true
            },
            "value": 0.22488038277511962
        },
        "taxa_sucesso": {
            "passes": 374,
            "fails": 6811,
            "value": 0.05205288796102992
        },
        "http_req_receiving": {
            "avg": 0.06564676409185807,
            "min": 0,
            "med": 0.055,
            "max": 4.034,
            "p(90)": 0.103,
            "p(95)": 0.114
        },
        "http_req_connecting": {
            "avg": 0.28023535142658346,
            "min": 0,
            "med": 0.257,
            "max": 5.555,
            "p(90)": 0.463,
            "p(95)": 0.5137999999999997
        },
        "http_req_waiting": {
            "min": 0.78,
            "med": 7.307,
            "max": 20000.346,
            "p(90)": 13.979400000000002,
            "p(95)": 19.529199999999992,
            "avg": 350.8019503131518
        },
        "vus": {
            "max": 53,
            "value": 1,
            "min": 1
        },
        "iteration_duration": {
            "p(95)": 1020.3845418,
            "avg": 1351.818813434381,
            "min": 1001.080583,
            "med": 1008.362833,
            "max": 21002.404041,
            "p(90)": 1014.9778997999999
        },
        "iterations": {
            "rate": 23.221356483441028,
            "count": 7185
        },
        "http_reqs": {
            "count": 7185,
            "rate": 23.221356483441028
        }
    },
    "root_group": {
        "id": "d41d8cd98f00b204e9800998ecf8427e",
        "groups": {},
        "checks": {
                "status 200": {
                    "path": "::status 200",
                    "id": "fad9fa412b86fcb03bee97c80dcd61f1",
                    "passes": 374,
                    "fails": 6811,
                    "name": "status 200"
                }
            },
        "name": "",
        "path": ""
    }
}