{
    "metrics": {
        "http_reqs": {
            "count": 2418,
            "rate": 7.882271334183954
        },
        "vus_max": {
            "value": 20,
            "min": 20,
            "max": 20
        },
        "http_req_connecting": {
            "max": 4.533,
            "p(90)": 0.4483000000000001,
            "p(95)": 0.482,
            "avg": 0.1837063688999172,
            "min": 0,
            "med": 0
        },
        "availability_rate": {
            "passes": 1306,
            "fails": 1112,
            "thresholds": {
                "rate>0.70": true
            },
            "value": 0.5401157981803143
        },
        "http_req_tls_handshaking": {
            "min": 0,
            "med": 0,
            "max": 0,
            "p(90)": 0,
            "p(95)": 0,
            "avg": 0
        },
        "http_req_waiting": {
            "max": 20001.578,
            "p(90)": 3014.1718,
            "p(95)": 10009.8189,
            "avg": 1016.2958751033914,
            "min": 1.211,
            "med": 8.556
        },
        "http_req_failed": {
            "passes": 1112,
            "fails": 1306,
            "value": 0.4598842018196857
        },
        "iterations": {
            "count": 2418,
            "rate": 7.882271334183954
        },
        "http_req_blocked": {
            "p(95)": 0.595,
            "avg": 0.2380851943755173,
            "min": 0.003,
            "med": 0.013,
            "max": 4.605,
            "p(90)": 0.564
        },
        "checks": {
            "passes": 1306,
            "fails": 1112,
            "value": 0.5401157981803143
        },
        "data_sent": {
            "count": 478764,
            "rate": 1560.6897241684228
        },
        "http_req_sending": {
            "med": 0.048,
            "max": 2.896,
            "p(90)": 0.075,
            "p(95)": 0.083,
            "avg": 0.05595698924731188,
            "min": 0.009
        },
        "vus": {
            "min": 1,
            "max": 20,
            "value": 1
        },
        "http_req_receiving": {
            "avg": 0.09616832092638547,
            "min": 0,
            "med": 0.088,
            "max": 10.153,
            "p(90)": 0.114,
            "p(95)": 0.126
        },
        "data_received": {
            "count": 513263,
            "rate": 1673.1506334976257
        },
        "http_req_duration": {
            "max": 20001.626,
            "p(90)": 3014.3113,
            "p(95)": 10009.9975,
            "avg": 1016.4480004135671,
            "min": 1.293,
            "med": 8.7005
        },
        "iteration_duration": {
            "avg": 2017.836462865179,
            "min": 1001.778417,
            "med": 1010.0418540000001,
            "max": 21003.627667,
            "p(90)": 4015.9116961,
            "p(95)": 11011.398184849999
        },
        "http_req_duration{expected_response:true}": {
            "p(90)": 1014.844,
            "p(95)": 1021.90175,
            "avg": 276.93190505359837,
            "min": 3.412,
            "med": 9.2095,
            "max": 3043.277
        }
    },
    "root_group": {
        "name": "",
        "path": "",
        "id": "d41d8cd98f00b204e9800998ecf8427e",
        "groups": {},
        "checks": {
                "status is 200": {
                    "name": "status is 200",
                    "path": "::status is 200",
                    "id": "6210a8cd14cd70477eba5c5e4cb3fb5f",
                    "passes": 1306,
                    "fails": 1112
                }
            }
    }
}