{
    "metrics": {
        "http_req_sending": {
            "max": 2.637,
            "p(90)": 0.075,
            "p(95)": 0.083,
            "avg": 0.058168162309793284,
            "min": 0.012,
            "med": 0.049
        },
        "http_req_receiving": {
            "p(90)": 0.114,
            "p(95)": 0.125,
            "avg": 0.09266133437378088,
            "min": 0,
            "med": 0.09,
            "max": 8.254
        },
        "iteration_duration": {
            "max": 21003.783916,
            "p(90)": 2093.3708166000006,
            "p(95)": 11010.468391299999,
            "avg": 1923.1793776129543,
            "min": 1001.969709,
            "med": 1009.530166
        },
        "http_req_duration": {
            "avg": 1167.0222426843532,
            "min": 1.427,
            "med": 8.319,
            "max": 59376.389,
            "p(90)": 1092.0336000000007,
            "p(95)": 10009.1554
        },
        "vus_max": {
            "value": 20,
            "min": 20,
            "max": 20
        },
        "data_sent": {
            "count": 507474,
            "rate": 1427.202906898073
        },
        "availability_rate": {
            "passes": 1225,
            "fails": 1338,
            "thresholds": {
                "rate>0.70": true
            },
            "value": 0.4779555208739758
        },
        "http_req_blocked": {
            "med": 0.293,
            "max": 3.979,
            "p(90)": 0.5628000000000001,
            "p(95)": 0.583,
            "avg": 0.2669999999999969,
            "min": 0.003
        },
        "http_req_tls_handshaking": {
            "min": 0,
            "med": 0,
            "max": 0,
            "p(90)": 0,
            "p(95)": 0,
            "avg": 0
        },
        "http_req_failed": {
            "fails": 1225,
            "passes": 1338,
            "value": 0.5220444791260241
        },
        "data_received": {
            "count": 549808,
            "rate": 1546.261632784765
        },
        "checks": {
            "passes": 1225,
            "fails": 1338,
            "value": 0.4779555208739758
        },
        "vus": {
            "value": 1,
            "min": 1,
            "max": 20
        },
        "http_req_waiting": {
            "avg": 1166.8714131876693,
            "min": 1.351,
            "med": 8.177,
            "max": 59376.257,
            "p(90)": 1091.9332000000006,
            "p(95)": 10009.035600000001
        },
        "http_reqs": {
            "count": 2563,
            "rate": 7.208095489384208
        },
        "http_req_connecting": {
            "avg": 0.207211861100273,
            "min": 0,
            "med": 0.228,
            "max": 3.255,
            "p(90)": 0.452,
            "p(95)": 0.479
        },
        "iterations": {
            "count": 2563,
            "rate": 7.208095489384208
        },
        "http_req_duration{expected_response:true}": {
            "med": 9.083,
            "max": 51659.178,
            "p(90)": 1014.7928,
            "p(95)": 1021.8474,
            "avg": 316.99542775510224,
            "min": 3.275
        }
    },
    "root_group": {
        "path": "",
        "id": "d41d8cd98f00b204e9800998ecf8427e",
        "groups": {},
        "checks": {
                "status is 200": {
                    "name": "status is 200",
                    "path": "::status is 200",
                    "id": "6210a8cd14cd70477eba5c5e4cb3fb5f",
                    "passes": 1225,
                    "fails": 1338
                }
            },
        "name": ""
    }
}