{
    "root_group": {
        "name": "",
        "path": "",
        "id": "d41d8cd98f00b204e9800998ecf8427e",
        "groups": {},
        "checks": {
                "status is 200": {
                    "passes": 1056,
                    "fails": 1734,
                    "name": "status is 200",
                    "path": "::status is 200",
                    "id": "6210a8cd14cd70477eba5c5e4cb3fb5f"
                }
            }
    },
    "metrics": {
        "http_req_blocked": {
            "max": 3.627,
            "p(90)": 0.5721,
            "p(95)": 0.6065499999999998,
            "avg": 0.31320931899641413,
            "min": 0.003,
            "med": 0.371
        },
        "data_sent": {
            "count": 552420,
            "rate": 1800.4324381763288
        },
        "http_req_waiting": {
            "med": 7.4965,
            "max": 20017.289,
            "p(90)": 1015.7024,
            "p(95)": 3018.52525,
            "avg": 750.0308620071672,
            "min": 1.239
        },
        "http_req_duration{expected_response:true}": {
            "med": 9.039,
            "max": 3036.424,
            "p(90)": 1013.616,
            "p(95)": 1017.9417500000001,
            "avg": 266.5778806818182,
            "min": 3.237
        },
        "http_req_connecting": {
            "min": 0,
            "med": 0.299,
            "max": 2.854,
            "p(90)": 0.4691,
            "p(95)": 0.4995499999999999,
            "avg": 0.24795734767025107
        },
        "http_req_receiving": {
            "avg": 0.08702293906810052,
            "min": 0,
            "med": 0.088,
            "max": 2.533,
            "p(90)": 0.11,
            "p(95)": 0.122
        },
        "vus": {
            "value": 1,
            "min": 1,
            "max": 20
        },
        "http_req_duration": {
            "med": 7.6285,
            "max": 20017.335,
            "p(90)": 1015.8326,
            "p(95)": 3018.6787,
            "avg": 750.1756175627246,
            "min": 1.318
        },
        "http_req_failed": {
            "passes": 1734,
            "fails": 1056,
            "value": 0.621505376344086
        },
        "iteration_duration": {
            "avg": 1751.5564437641601,
            "min": 1001.938666,
            "med": 1008.988,
            "max": 21019.373792,
            "p(90)": 2017.0065086,
            "p(95)": 4020.58089345
        },
        "http_reqs": {
            "count": 2790,
            "rate": 9.09309312210267
        },
        "data_received": {
            "count": 608484,
            "rate": 1983.154722333162
        },
        "http_req_sending": {
            "p(90)": 0.07510000000000006,
            "p(95)": 0.083,
            "avg": 0.05773261648745516,
            "min": 0.013,
            "med": 0.05,
            "max": 3.451
        },
        "http_req_tls_handshaking": {
            "med": 0,
            "max": 0,
            "p(90)": 0,
            "p(95)": 0,
            "avg": 0,
            "min": 0
        },
        "iterations": {
            "count": 2790,
            "rate": 9.09309312210267
        },
        "availability_rate": {
            "passes": 1056,
            "fails": 1734,
            "thresholds": {
                "rate>0.70": true
            },
            "value": 0.37849462365591396
        },
        "checks": {
            "fails": 1734,
            "passes": 1056,
            "value": 0.37849462365591396
        },
        "vus_max": {
            "value": 20,
            "min": 20,
            "max": 20
        }
    }
}