{
    "metrics": {
        "http_req_blocked": {
            "med": 0.011,
            "max": 1.478,
            "p(90)": 0.42250000000000015,
            "p(95)": 0.533,
            "avg": 0.07036868231046954,
            "min": 0.003
        },
        "http_req_connecting": {
            "avg": 0.04761913357400722,
            "min": 0,
            "med": 0,
            "max": 0.885,
            "p(90)": 0.32450000000000023,
            "p(95)": 0.4182499999999999
        },
        "availability_rate": {
            "passes": 1949,
            "fails": 267,
            "thresholds": {
                "rate>0.70": false
            },
            "value": 0.8795126353790613
        },
        "data_received": {
            "rate": 1489.0750720913209,
            "count": 447791
        },
        "iteration_duration": {
            "max": 21002.861292,
            "p(90)": 4021.029021,
            "p(95)": 11012.872250499999,
            "avg": 2219.1907487211233,
            "min": 1003.330667,
            "med": 1010.3466874999999
        },
        "vus": {
            "value": 1,
            "min": 1,
            "max": 20
        },
        "http_req_duration{expected_response:true}": {
            "avg": 257.1198491534115,
            "min": 3.115,
            "med": 8.863,
            "max": 3037.63,
            "p(90)": 1014.1184000000001,
            "p(95)": 1017.6320000000001
        },
        "http_reqs": {
            "count": 2216,
            "rate": 7.369041270937484
        },
        "http_req_duration": {
            "avg": 1217.947075361005,
            "min": 3.115,
            "med": 9.089500000000001,
            "max": 20000.735,
            "p(90)": 3020.1530000000002,
            "p(95)": 10011.32825
        },
        "http_req_sending": {
            "p(95)": 0.073,
            "avg": 0.04744088447653454,
            "min": 0.01,
            "med": 0.046,
            "max": 1.025,
            "p(90)": 0.062
        },
        "http_req_waiting": {
            "avg": 1217.8091123646225,
            "min": 3.078,
            "med": 8.938,
            "max": 20000.707,
            "p(90)": 3020.021,
            "p(95)": 10011.141749999999
        },
        "data_sent": {
            "count": 438768,
            "rate": 1459.070171645622
        },
        "http_req_tls_handshaking": {
            "p(90)": 0,
            "p(95)": 0,
            "avg": 0,
            "min": 0,
            "med": 0,
            "max": 0
        },
        "iterations": {
            "count": 2216,
            "rate": 7.369041270937484
        },
        "vus_max": {
            "value": 20,
            "min": 20,
            "max": 20
        },
        "http_req_failed": {
            "passes": 267,
            "fails": 1949,
            "value": 0.12048736462093863
        },
        "checks": {
            "passes": 1949,
            "fails": 267,
            "value": 0.8795126353790613
        },
        "http_req_receiving": {
            "p(95)": 0.121,
            "avg": 0.09052211191335725,
            "min": 0,
            "med": 0.09,
            "max": 4.497,
            "p(90)": 0.11050000000000006
        }
    },
    "root_group": {
        "path": "",
        "id": "d41d8cd98f00b204e9800998ecf8427e",
        "groups": {},
        "checks": {
                "status is 200": {
                    "fails": 267,
                    "name": "status is 200",
                    "path": "::status is 200",
                    "id": "6210a8cd14cd70477eba5c5e4cb3fb5f",
                    "passes": 1949
                }
            },
        "name": ""
    }
}