{
    "root_group": {
        "checks": {
            "status is 200": {
                "name": "status is 200",
                "path": "::status is 200",
                "id": "6210a8cd14cd70477eba5c5e4cb3fb5f",
                "passes": 1992,
                "fails": 218
            }
        },
        "name": "",
        "path": "",
        "id": "d41d8cd98f00b204e9800998ecf8427e",
        "groups": {}
    },
    "metrics": {
        "http_req_duration{expected_response:true}": {
            "avg": 278.42848795180737,
            "min": 2.756,
            "med": 9.726,
            "max": 3034.716,
            "p(90)": 1015.2725,
            "p(95)": 1020.7228
        },
        "http_req_sending": {
            "avg": 0.04779819004524929,
            "min": 0.01,
            "med": 0.039,
            "max": 2.889,
            "p(90)": 0.05910000000000005,
            "p(95)": 0.074
        },
        "http_req_waiting": {
            "med": 10.131499999999999,
            "max": 20001.753,
            "p(90)": 3020.5935,
            "p(95)": 10011.64685,
            "avg": 1215.9189054298658,
            "min": 2.694
        },
        "http_req_receiving": {
            "med": 0.09,
            "max": 1.923,
            "p(90)": 0.11810000000000004,
            "p(95)": 0.135,
            "avg": 0.09564434389140278,
            "min": 0
        },
        "checks": {
            "fails": 218,
            "passes": 1992,
            "value": 0.9013574660633484
        },
        "iteration_duration": {
            "p(90)": 4022.0970536,
            "p(95)": 11013.0737144,
            "avg": 2217.2630578909516,
            "min": 1003.192125,
            "med": 1011.50425,
            "max": 21004.05175
        },
        "http_req_tls_handshaking": {
            "med": 0,
            "max": 0,
            "p(90)": 0,
            "p(95)": 0,
            "avg": 0,
            "min": 0
        },
        "iterations": {
            "rate": 7.304994470003496,
            "count": 2210
        },
        "http_req_connecting": {
            "p(90)": 0.23530000000000015,
            "p(95)": 0.3375499999999999,
            "avg": 0.0375773755656109,
            "min": 0,
            "med": 0,
            "max": 1.84
        },
        "data_sent": {
            "count": 437580,
            "rate": 1446.3889050606924
        },
        "data_received": {
            "count": 445348,
            "rate": 1472.0654648086504
        },
        "vus": {
            "value": 1,
            "min": 1,
            "max": 20
        },
        "http_req_duration": {
            "avg": 1216.0623479637982,
            "min": 2.756,
            "med": 10.273499999999999,
            "max": 20001.785,
            "p(90)": 3020.7374999999997,
            "p(95)": 10011.81095
        },
        "availability_rate": {
            "passes": 1992,
            "fails": 218,
            "thresholds": {
                "rate>0.70": false
            },
            "value": 0.9013574660633484
        },
        "http_reqs": {
            "count": 2210,
            "rate": 7.304994470003496
        },
        "http_req_failed": {
            "passes": 218,
            "fails": 1992,
            "value": 0.09864253393665158
        },
        "http_req_blocked": {
            "p(90)": 0.31210000000000004,
            "p(95)": 0.442,
            "avg": 0.06031538461538483,
            "min": 0.003,
            "med": 0.009,
            "max": 3.834
        },
        "vus_max": {
            "value": 20,
            "min": 20,
            "max": 20
        }
    }
}