{
    "root_group": {
        "path": "",
        "id": "d41d8cd98f00b204e9800998ecf8427e",
        "groups": {},
        "checks": {
                "status 200": {
                    "fails": 5235,
                    "name": "status 200",
                    "path": "::status 200",
                    "id": "fad9fa412b86fcb03bee97c80dcd61f1",
                    "passes": 1210
                }
            },
        "name": ""
    },
    "metrics": {
        "http_req_duration{expected_response:true}": {
            "avg": 257.2282256198346,
            "min": 2.28,
            "med": 8.148,
            "max": 3062.091,
            "p(90)": 1011.6612,
            "p(95)": 1024.15575
        },
        "vus_max": {
            "value": 55,
            "min": 55,
            "max": 55
        },
        "http_req_failed": {
            "passes": 5235,
            "fails": 1210,
            "value": 0.8122575640031032
        },
        "checks": {
            "passes": 1210,
            "fails": 5235,
            "value": 0.18774243599689683
        },
        "http_req_duration{stage:load}": {
            "med": 6.234,
            "max": 20000.257,
            "p(90)": 1010.358,
            "p(95)": 3005.4044999999996,
            "avg": 475.39264080038976,
            "min": 0.999,
            "thresholds": {
                "p(95)<6000": false
            }
        },
        "http_reqs": {
            "count": 6445,
            "rate": 20.686059170442167
        },
        "http_req_sending": {
            "avg": 0.034619084561675416,
            "min": 0.008,
            "med": 0.026,
            "max": 3.107,
            "p(90)": 0.052,
            "p(95)": 0.066
        },
        "iteration_duration": {
            "avg": 1512.2064082580287,
            "min": 1001.409458,
            "med": 1007.0705,
            "max": 21002.891291,
            "p(90)": 2011.829825,
            "p(95)": 4007.895
        },
        "taxa_sucesso{stage:cool_down}": {
            "passes": 75,
            "fails": 86,
            "thresholds": {
                "rate>0.99": true
            },
            "value": 0.4658385093167702
        },
        "duracao_req": {
            "max": 20000.496,
            "p(90)": 1010.9104,
            "p(95)": 3006.8878,
            "avg": 511.4287691233518,
            "min": 0.947,
            "med": 6.334
        },
        "data_sent": {
            "count": 1301890,
            "rate": 4178.583952429318
        },
        "iterations": {
            "count": 6445,
            "rate": 20.686059170442167
        },
        "http_req_duration{stage:warm_up}": {
            "avg": 1427.9319343065697,
            "min": 4.563,
            "med": 11,
            "max": 20000.538,
            "p(90)": 3027.572,
            "p(95)": 10214.761999999993,
            "thresholds": {
                "p(95)<1000": true
            }
        },
        "data_received": {
            "rate": 4642.789391026972,
            "count": 1446519
        },
        "taxa_sucesso{stage:warm_up}": {
            "passes": 122,
            "fails": 15,
            "thresholds": {
                "rate>0.99": true
            },
            "value": 0.8905109489051095
        },
        "http_req_duration": {
            "med": 6.434,
            "max": 20000.538,
            "p(90)": 1010.9882,
            "p(95)": 3006.9844000000003,
            "avg": 511.52212723041055,
            "min": 0.999
        },
        "http_req_receiving": {
            "p(90)": 0.094,
            "p(95)": 0.109,
            "avg": 0.058739022498060324,
            "min": 0,
            "med": 0.048,
            "max": 1.903
        },
        "vus": {
            "value": 1,
            "min": 1,
            "max": 53
        },
        "http_req_connecting": {
            "avg": 0.20576819239720692,
            "min": 0,
            "med": 0.17,
            "max": 7.43,
            "p(90)": 0.373,
            "p(95)": 0.466
        },
        "taxa_sucesso": {
            "passes": 1210,
            "fails": 5235,
            "value": 0.18774243599689683
        },
        "http_req_tls_handshaking": {
            "med": 0,
            "max": 0,
            "p(90)": 0,
            "p(95)": 0,
            "avg": 0,
            "min": 0
        },
        "http_req_waiting": {
            "avg": 511.4287691233518,
            "min": 0.947,
            "med": 6.334,
            "max": 20000.496,
            "p(90)": 1010.9104,
            "p(95)": 3006.8878
        },
        "taxa_sucesso{stage:load}": {
            "passes": 1013,
            "fails": 5134,
            "thresholds": {
                "rate>0.80": true
            },
            "value": 0.1647958353668456
        },
        "http_req_blocked": {
            "min": 0.002,
            "med": 0.199,
            "max": 7.457,
            "p(90)": 0.435,
            "p(95)": 0.541,
            "avg": 0.24328487199379298
        },
        "http_req_duration{stage:cool_down}": {
            "avg": 1111.1482732919253,
            "min": 1.839,
            "med": 14.089,
            "max": 11024.522,
            "p(90)": 3016.604,
            "p(95)": 10012.966,
            "thresholds": {
                "p(95)<1000": true
            }
        }
    }
}